<?xml version="1.0"?>
<doc>
    <assembly>
        <name>Microsoft.CodeAnalysis.CSharp.Features</name>
    </assembly>
    <members>
        <member name="T:Microsoft.CodeAnalysis.CSharp.CodeRefactorings.InlineTemporary.InlineTemporaryCodeRefactoringProvider.InitializerRewriter">
            <summary>
            This class handles rewriting initializer expressions that refer to the variable
            being initialized into a simpler form.  For example, in "int x = x = 1", we want to
            get just "1" back as the initializer.
            </summary>
        </member>
        <member name="F:Microsoft.CodeAnalysis.CSharp.CodeFixes.AddImport.CSharpAddImportCodeFixProvider.CS0103">
            <summary>
            name does not exist in context
            </summary>
        </member>
        <member name="F:Microsoft.CodeAnalysis.CSharp.CodeFixes.AddImport.CSharpAddImportCodeFixProvider.CS0246">
            <summary>
            type or namespace could not be found
            </summary>
        </member>
        <member name="F:Microsoft.CodeAnalysis.CSharp.CodeFixes.AddImport.CSharpAddImportCodeFixProvider.CS0305">
            <summary>
            wrong number of type args
            </summary>
        </member>
        <member name="F:Microsoft.CodeAnalysis.CSharp.CodeFixes.AddImport.CSharpAddImportCodeFixProvider.CS1061">
            <summary>
            type does not contain a definition of method or extension method
            </summary>
        </member>
        <member name="F:Microsoft.CodeAnalysis.CSharp.CodeFixes.AddImport.CSharpAddImportCodeFixProvider.CS1935">
            <summary>
            cannot find implementation of query pattern
            </summary>
        </member>
        <member name="F:Microsoft.CodeAnalysis.CSharp.CodeFixes.AddImport.CSharpAddImportCodeFixProvider.CS0308">
            <summary>
            The non-generic type 'A' cannot be used with type arguments
            </summary>
        </member>
        <member name="F:Microsoft.CodeAnalysis.CSharp.CodeFixes.AddImport.CSharpAddImportCodeFixProvider.CS0122">
            <summary>
            'A' is inaccessible due to its protection level
            </summary>
        </member>
        <member name="F:Microsoft.CodeAnalysis.CSharp.CodeFixes.AddImport.CSharpAddImportCodeFixProvider.CS0307">
            <summary>
            The using alias 'A' cannot be used with type arguments
            </summary>
        </member>
        <member name="F:Microsoft.CodeAnalysis.CSharp.CodeFixes.AddImport.CSharpAddImportCodeFixProvider.CS0616">
            <summary>
            'A' is not an attribute class
            </summary>
        </member>
        <member name="F:Microsoft.CodeAnalysis.CSharp.CodeFixes.AddImport.CSharpAddImportCodeFixProvider.CS1002">
            <summary>
            ; expected.
            </summary>
        </member>
        <member name="F:Microsoft.CodeAnalysis.CSharp.CodeFixes.AddImport.CSharpAddImportCodeFixProvider.CS1003">
            <summary>
            Syntax error, 'A' expected
            </summary>
        </member>
        <member name="F:Microsoft.CodeAnalysis.CSharp.CodeFixes.FullyQualify.CSharpFullyQualifyCodeFixProvider.CS0103">
            <summary>
            name does not exist in context
            </summary>
        </member>
        <member name="F:Microsoft.CodeAnalysis.CSharp.CodeFixes.FullyQualify.CSharpFullyQualifyCodeFixProvider.CS0246">
            <summary>
            type or namespace could not be found
            </summary>
        </member>
        <member name="F:Microsoft.CodeAnalysis.CSharp.CodeFixes.FullyQualify.CSharpFullyQualifyCodeFixProvider.CS0305">
            <summary>
            wrong number of type args
            </summary>
        </member>
        <member name="F:Microsoft.CodeAnalysis.CSharp.CodeFixes.FullyQualify.CSharpFullyQualifyCodeFixProvider.CS0308">
            <summary>
            The non-generic type 'A' cannot be used with type arguments
            </summary>
        </member>
        <member name="T:Microsoft.CodeAnalysis.CSharp.CSharpFeaturesResources">
            <summary>
              A strongly-typed resource class, for looking up localized strings, etc.
            </summary>
        </member>
        <member name="P:Microsoft.CodeAnalysis.CSharp.CSharpFeaturesResources.ResourceManager">
            <summary>
              Returns the cached ResourceManager instance used by this class.
            </summary>
        </member>
        <member name="P:Microsoft.CodeAnalysis.CSharp.CSharpFeaturesResources.Culture">
            <summary>
              Overrides the current thread's CurrentUICulture property for all
              resource lookups using this strongly typed resource class.
            </summary>
        </member>
        <member name="P:Microsoft.CodeAnalysis.CSharp.CSharpFeaturesResources.AutoselectDisabledDueToPossibleExplicitlyNamesAnonTypeMemCreation">
            <summary>
              Looks up a localized string similar to Autoselect disabled due to possible explicitly named anonymous type member creation..
            </summary>
        </member>
        <member name="P:Microsoft.CodeAnalysis.CSharp.CSharpFeaturesResources.AutoselectDisabledDueToPotentialLambdaDeclaration">
            <summary>
              Looks up a localized string similar to Autoselect disabled due to potential lambda declaration..
            </summary>
        </member>
        <member name="P:Microsoft.CodeAnalysis.CSharp.CSharpFeaturesResources.AutoselectDisabledDueToPotentialRangeVariableDecl">
            <summary>
              Looks up a localized string similar to Autoselect disabled due to potential range variable declaration..
            </summary>
        </member>
        <member name="P:Microsoft.CodeAnalysis.CSharp.CSharpFeaturesResources.Await">
            <summary>
              Looks up a localized string similar to await.
            </summary>
        </member>
        <member name="P:Microsoft.CodeAnalysis.CSharp.CSharpFeaturesResources.Awaitable">
            <summary>
              Looks up a localized string similar to awaitable.
            </summary>
        </member>
        <member name="P:Microsoft.CodeAnalysis.CSharp.CSharpFeaturesResources.AwaitableExtension">
            <summary>
              Looks up a localized string similar to awaitable, extension.
            </summary>
        </member>
        <member name="P:Microsoft.CodeAnalysis.CSharp.CSharpFeaturesResources.CantDetermineValidRangeOfStatements">
            <summary>
              Looks up a localized string similar to can&apos;t determine valid range of statements to extract out.
            </summary>
        </member>
        <member name="P:Microsoft.CodeAnalysis.CSharp.CSharpFeaturesResources.CastIsRedundant">
            <summary>
              Looks up a localized string similar to Cast is redundant.
            </summary>
        </member>
        <member name="P:Microsoft.CodeAnalysis.CSharp.CSharpFeaturesResources.ConflictsDetected">
            <summary>
              Looks up a localized string similar to Conflict(s) detected..
            </summary>
        </member>
        <member name="P:Microsoft.CodeAnalysis.CSharp.CSharpFeaturesResources.ContainsInvalidSelection">
            <summary>
              Looks up a localized string similar to Contains invalid selection..
            </summary>
        </member>
        <member name="P:Microsoft.CodeAnalysis.CSharp.CSharpFeaturesResources.Deprecated">
            <summary>
              Looks up a localized string similar to deprecated.
            </summary>
        </member>
        <member name="P:Microsoft.CodeAnalysis.CSharp.CSharpFeaturesResources.Extension">
            <summary>
              Looks up a localized string similar to extension.
            </summary>
        </member>
        <member name="P:Microsoft.CodeAnalysis.CSharp.CSharpFeaturesResources.FixAllOccurrences">
            <summary>
              Looks up a localized string similar to Fix all occurrences.
            </summary>
        </member>
        <member name="P:Microsoft.CodeAnalysis.CSharp.CSharpFeaturesResources.ImplementAbstractClass">
            <summary>
              Looks up a localized string similar to Implement Abstract Class.
            </summary>
        </member>
        <member name="P:Microsoft.CodeAnalysis.CSharp.CSharpFeaturesResources.InlineTemporaryVariable">
            <summary>
              Looks up a localized string similar to Inline temporary variable.
            </summary>
        </member>
        <member name="P:Microsoft.CodeAnalysis.CSharp.CSharpFeaturesResources.InvalidSelection">
            <summary>
              Looks up a localized string similar to Invalid selection..
            </summary>
        </member>
        <member name="P:Microsoft.CodeAnalysis.CSharp.CSharpFeaturesResources.InvertIfStatement">
            <summary>
              Looks up a localized string similar to Invert if statement.
            </summary>
        </member>
        <member name="P:Microsoft.CodeAnalysis.CSharp.CSharpFeaturesResources.LambdaExpression">
            <summary>
              Looks up a localized string similar to &lt;lambda expression&gt;.
            </summary>
        </member>
        <member name="P:Microsoft.CodeAnalysis.CSharp.CSharpFeaturesResources.MemberName">
            <summary>
              Looks up a localized string similar to &lt;member name&gt; = .
            </summary>
        </member>
        <member name="P:Microsoft.CodeAnalysis.CSharp.CSharpFeaturesResources.MoveDeclarationNearReference">
            <summary>
              Looks up a localized string similar to Move declaration near reference.
            </summary>
        </member>
        <member name="P:Microsoft.CodeAnalysis.CSharp.CSharpFeaturesResources.NameCanBeSimplified">
            <summary>
              Looks up a localized string similar to Name can be simplified.
            </summary>
        </member>
        <member name="P:Microsoft.CodeAnalysis.CSharp.CSharpFeaturesResources.NoCommonRootNodeForExtraction">
            <summary>
              Looks up a localized string similar to No common root node for extraction..
            </summary>
        </member>
        <member name="P:Microsoft.CodeAnalysis.CSharp.CSharpFeaturesResources.NotAllCodePathReturns">
            <summary>
              Looks up a localized string similar to Not all code path returns.
            </summary>
        </member>
        <member name="P:Microsoft.CodeAnalysis.CSharp.CSharpFeaturesResources.NoValidSelectionToPerformExtraction">
            <summary>
              Looks up a localized string similar to No valid selection to perform extraction..
            </summary>
        </member>
        <member name="P:Microsoft.CodeAnalysis.CSharp.CSharpFeaturesResources.NoValidStatementRangeToExtractOut">
            <summary>
              Looks up a localized string similar to no valid statement range to extract out.
            </summary>
        </member>
        <member name="P:Microsoft.CodeAnalysis.CSharp.CSharpFeaturesResources.OrganizeUsings">
            <summary>
              Looks up a localized string similar to Organize Usings.
            </summary>
        </member>
        <member name="P:Microsoft.CodeAnalysis.CSharp.CSharpFeaturesResources.OrganizeUsingsWithAccelerator">
            <summary>
              Looks up a localized string similar to &amp;Organize Usings.
            </summary>
        </member>
        <member name="P:Microsoft.CodeAnalysis.CSharp.CSharpFeaturesResources.RangeVariable">
            <summary>
              Looks up a localized string similar to &lt;range variable&gt;.
            </summary>
        </member>
        <member name="P:Microsoft.CodeAnalysis.CSharp.CSharpFeaturesResources.RemoveAndSortUsingsWithAccelerator">
            <summary>
              Looks up a localized string similar to Remove &amp;and Sort Usings.
            </summary>
        </member>
        <member name="P:Microsoft.CodeAnalysis.CSharp.CSharpFeaturesResources.RemoveUnnecessaryCast">
            <summary>
              Looks up a localized string similar to Remove Unnecessary Cast.
            </summary>
        </member>
        <member name="P:Microsoft.CodeAnalysis.CSharp.CSharpFeaturesResources.RemoveUnnecessaryUsings">
            <summary>
              Looks up a localized string similar to Remove Unnecessary Usings.
            </summary>
        </member>
        <member name="P:Microsoft.CodeAnalysis.CSharp.CSharpFeaturesResources.RemoveUnnecessaryUsingsWithAccelerator">
            <summary>
              Looks up a localized string similar to &amp;Remove Unnecessary Usings.
            </summary>
        </member>
        <member name="P:Microsoft.CodeAnalysis.CSharp.CSharpFeaturesResources.SelectionCanNotBePartOfConstInitializerExpr">
            <summary>
              Looks up a localized string similar to Selection can not be part of constant initializer expression..
            </summary>
        </member>
        <member name="P:Microsoft.CodeAnalysis.CSharp.CSharpFeaturesResources.SelectionCanNotContainAYieldStatement">
            <summary>
              Looks up a localized string similar to Selection can not contain a yield statement..
            </summary>
        </member>
        <member name="P:Microsoft.CodeAnalysis.CSharp.CSharpFeaturesResources.SelectionCanNotContainThrowStatement">
            <summary>
              Looks up a localized string similar to Selection can not contain throw statement..
            </summary>
        </member>
        <member name="P:Microsoft.CodeAnalysis.CSharp.CSharpFeaturesResources.SelectionCanNotCrossOverPreprocessorDirectives">
            <summary>
              Looks up a localized string similar to Selection can not cross over preprocessor directives..
            </summary>
        </member>
        <member name="P:Microsoft.CodeAnalysis.CSharp.CSharpFeaturesResources.SelectionDoesNotContainAValidNode">
            <summary>
              Looks up a localized string similar to Selection does not contain a valid node.
            </summary>
        </member>
        <member name="P:Microsoft.CodeAnalysis.CSharp.CSharpFeaturesResources.SelectionDoesNotContainAValidToken">
            <summary>
              Looks up a localized string similar to Selection does not contain a valid token..
            </summary>
        </member>
        <member name="P:Microsoft.CodeAnalysis.CSharp.CSharpFeaturesResources.SimplifyAllOccurrences">
            <summary>
              Looks up a localized string similar to Simplify all occurrences.
            </summary>
        </member>
        <member name="P:Microsoft.CodeAnalysis.CSharp.CSharpFeaturesResources.SimplifyLambdaExpression">
            <summary>
              Looks up a localized string similar to Simplify lambda expression.
            </summary>
        </member>
        <member name="P:Microsoft.CodeAnalysis.CSharp.CSharpFeaturesResources.SimplifyTypeName">
            <summary>
              Looks up a localized string similar to Simplify type name &apos;{0}&apos;.
            </summary>
        </member>
        <member name="P:Microsoft.CodeAnalysis.CSharp.CSharpFeaturesResources.SortUsingsWithAccelerator">
            <summary>
              Looks up a localized string similar to &amp;Sort Usings.
            </summary>
        </member>
        <member name="P:Microsoft.CodeAnalysis.CSharp.CSharpFeaturesResources.TheSelectedCodeIsInsideAnUnsafeContext">
            <summary>
              Looks up a localized string similar to The selected code is inside an unsafe context..
            </summary>
        </member>
        <member name="P:Microsoft.CodeAnalysis.CSharp.CSharpFeaturesResources.TheSelectionContainsSyntacticErrors">
            <summary>
              Looks up a localized string similar to the selection contains syntactic errors.
            </summary>
        </member>
        <member name="P:Microsoft.CodeAnalysis.CSharp.CSharpFeaturesResources.Usage">
            <summary>
              Looks up a localized string similar to Usage:.
            </summary>
        </member>
        <member name="P:Microsoft.CodeAnalysis.CSharp.CSharpFeaturesResources.WarningDeclarationChangesScope">
            <summary>
              Looks up a localized string similar to Warning: Declaration changes scope and may change meaning..
            </summary>
        </member>
        <member name="M:Microsoft.CodeAnalysis.CSharp.EditAndContinue.CSharpEditAndContinueAnalyzer.FindMemberDeclaration(Microsoft.CodeAnalysis.SyntaxNode,Microsoft.CodeAnalysis.SyntaxNode)">
            <returns>
            <see cref="T:Microsoft.CodeAnalysis.CSharp.Syntax.BaseMethodDeclarationSyntax"/> for methods, operators, constructors, destructors and accessors.
            <see cref="T:Microsoft.CodeAnalysis.CSharp.Syntax.VariableDeclaratorSyntax"/> for fields.
            </returns>
        </member>
        <member name="M:Microsoft.CodeAnalysis.CSharp.EditAndContinue.CSharpEditAndContinueAnalyzer.TryGetDeclarationBody(Microsoft.CodeAnalysis.SyntaxNode,System.Boolean)">
            <returns>
            Given a node representing a declaration (<paramref name="isMember"/> = true) or a top-level match node (<paramref name="isMember"/> = false) returns:
            - <see cref="T:Microsoft.CodeAnalysis.CSharp.Syntax.BlockSyntax"/> for method like member declarations (methods, accessors, constructors, etc.).
            - <see cref="T:Microsoft.CodeAnalysis.CSharp.Syntax.ExpressionSyntax"/> for variable declarators of fields.
            A null reference otherwise.
            </returns>
        </member>
        <member name="M:Microsoft.CodeAnalysis.CSharp.EditAndContinue.CSharpEditAndContinueAnalyzer.TryGetActiveTokens(Microsoft.CodeAnalysis.SyntaxNode)">
            <returns>
            If <paramref name="node"/> is a method, accessor, operator, destructor, or constructor without an initializer,
            tokens of the method body.
              
            If <paramref name="node"/> is a constructor with an initializer, 
            tokens of the initializer concatenated with tokens of the constructor body.
            
            If <paramref name="node"/> is a variable declarator of a field with an initializer,
            tokens of the field initializer.
            
            Null reference otherwise.
            </returns>
        </member>
        <member name="M:Microsoft.CodeAnalysis.CSharp.EditAndContinue.CSharpEditAndContinueAnalyzer.GetExceptionHandlingRegion(Microsoft.CodeAnalysis.SyntaxNode,System.Boolean@)">
            <summary>
            An active statement (leaf or not) inside a "catch" makes the catch block read-only.
            An active statement (leaf or not) inside a "finally" makes the whole try/catch/finally block read-only.
            An active statement (non leaf)    inside a "try" makes the catch/finally block read-only.
            </summary>
        </member>
        <member name="M:Microsoft.CodeAnalysis.CSharp.EditAndContinue.SyntaxComparer.TryComputeWeightedDistance(Microsoft.CodeAnalysis.SyntaxNode,Microsoft.CodeAnalysis.SyntaxNode,System.Double@)">
            <summary>
            Calculates distance of two nodes based on their significant parts.
            Returns false if the nodes don't have any significant parts and should be compared as a whole.
            </summary>
        </member>
        <member name="M:Microsoft.CodeAnalysis.CSharp.EditAndContinue.SyntaxComparer.GetDescendantTokensIgnoringSeparators``1(Microsoft.CodeAnalysis.SeparatedSyntaxList{``0})">
            <summary>
            Enumerates tokens of all nodes in the list. Doesn't include separators.
            </summary>
        </member>
        <member name="M:Microsoft.CodeAnalysis.CSharp.EditAndContinue.SyntaxComparer.ComputeDistance(Microsoft.CodeAnalysis.SyntaxNode,Microsoft.CodeAnalysis.SyntaxNode)">
            <summary>
            Calculates the distance between two syntax nodes, disregarding trivia. 
            </summary>
            <remarks>
            Distance is a number within [0, 1], the smaller the more similar the nodes are. 
            </remarks>
        </member>
        <member name="M:Microsoft.CodeAnalysis.CSharp.EditAndContinue.SyntaxComparer.ComputeDistance(Microsoft.CodeAnalysis.SyntaxToken,Microsoft.CodeAnalysis.SyntaxToken)">
            <summary>
            Calculates the distance between two syntax tokens, disregarding trivia. 
            </summary>
            <remarks>
            Distance is a number within [0, 1], the smaller the more similar the tokens are. 
            </remarks>
        </member>
        <member name="M:Microsoft.CodeAnalysis.CSharp.EditAndContinue.SyntaxComparer.ComputeDistance(System.Collections.Generic.IEnumerable{Microsoft.CodeAnalysis.SyntaxToken},System.Collections.Generic.IEnumerable{Microsoft.CodeAnalysis.SyntaxToken})">
            <summary>
            Calculates the distance between two sequences of syntax tokens, disregarding trivia. 
            </summary>
            <remarks>
            Distance is a number within [0, 1], the smaller the more similar the sequences are. 
            </remarks>
            <exception cref="T:System.ArgumentNullException"><paramref name="left"/> or <paramref name="right"/> is a null reference.</exception>
        </member>
        <member name="M:Microsoft.CodeAnalysis.CSharp.EditAndContinue.TopSyntaxComparer.TiedToAncestor(Microsoft.CodeAnalysis.CSharp.EditAndContinue.TopSyntaxComparer.Label)">
            <summary>
            Return 1 if it is desirable to report two edits (delete and insert) rather than a move edit
            when the node changes its parent.
            </summary>
        </member>
    </members>
</doc>
