﻿<?xml version="1.0"?>
<doc>
<assembly>
<name>
Microsoft.CodeAnalysis.VisualBasic.Features
</name>
</assembly>
<members>
<member name="F:Microsoft.CodeAnalysis.VisualBasic.CodeFixes.AddImport.VisualBasicAddImportCodeFixProvider.BC30002">
 <summary>
 Type xxx is not defined
 </summary>
</member>
<member name="F:Microsoft.CodeAnalysis.VisualBasic.CodeFixes.AddImport.VisualBasicAddImportCodeFixProvider.BC30451">
 <summary>
 Error 'x' is not declared
 </summary>
</member>
<member name="F:Microsoft.CodeAnalysis.VisualBasic.CodeFixes.AddImport.VisualBasicAddImportCodeFixProvider.BC30456">
 <summary>
 xxx is not a member of yyy
 </summary>
</member>
<member name="F:Microsoft.CodeAnalysis.VisualBasic.CodeFixes.AddImport.VisualBasicAddImportCodeFixProvider.BC32042">
 <summary>
 Too few type arguments
 </summary>
</member>
<member name="F:Microsoft.CodeAnalysis.VisualBasic.CodeFixes.AddImport.VisualBasicAddImportCodeFixProvider.BC36593">
 <summary>
 Expression of type xxx is not querable
 </summary>
</member>
<member name="F:Microsoft.CodeAnalysis.VisualBasic.CodeFixes.AddImport.VisualBasicAddImportCodeFixProvider.BC32045">
 <summary>
 'A' has no type parameters and so cannot have type arguments.
 </summary>
</member>
<member name="F:Microsoft.CodeAnalysis.VisualBasic.CodeFixes.AddImport.VisualBasicAddImportCodeFixProvider.BC30389">
 <summary>
 'A' is not accessible in this context because it is 'Friend'.
 </summary>
</member>
<member name="F:Microsoft.CodeAnalysis.VisualBasic.CodeFixes.AddImport.VisualBasicAddImportCodeFixProvider.BC31504">
 <summary>
 'A' cannot be used as an attribute because it does not inherit from 'System.Attribute'.
 </summary>
</member>
<member name="F:Microsoft.CodeAnalysis.VisualBasic.CodeFixes.AddImport.VisualBasicAddImportCodeFixProvider.BC36610">
 <summary>
 Name 'A' is either not declared or not in the current scope.
 </summary>
</member>
<member name="F:Microsoft.CodeAnalysis.VisualBasic.CodeFixes.FullyQualify.VisualBasicFullyQualifyCodeFixProvider.BC30002">
 <summary>
 Type xxx is not defined
 </summary>
</member>
<member name="F:Microsoft.CodeAnalysis.VisualBasic.CodeFixes.FullyQualify.VisualBasicFullyQualifyCodeFixProvider.BC30451">
 <summary>
 Error 'x' is not declared
 </summary>
</member>
<member name="F:Microsoft.CodeAnalysis.VisualBasic.CodeFixes.FullyQualify.VisualBasicFullyQualifyCodeFixProvider.BC40056">
 <summary>
 Namespace or type specified in imports cannot be found
 </summary>
</member>
<member name="F:Microsoft.CodeAnalysis.VisualBasic.CodeFixes.FullyQualify.VisualBasicFullyQualifyCodeFixProvider.BC32045">
 <summary>
 'A' has no type parameters and so cannot have type arguments.
 </summary>
</member>
<member name="F:Microsoft.CodeAnalysis.VisualBasic.CodeFixes.Spellcheck.SpellcheckCodeFixProvider.BC30002">
 <summary>
 Type xxx is not defined
 </summary>
</member>
<member name="F:Microsoft.CodeAnalysis.VisualBasic.CodeFixes.Spellcheck.SpellcheckCodeFixProvider.BC30451">
 <summary>
 Error 'x' is not declared
 </summary>
</member>
<member name="F:Microsoft.CodeAnalysis.VisualBasic.CodeFixes.Spellcheck.SpellcheckCodeFixProvider.BC30456">
 <summary>
 xxx is not a member of yyy
 </summary>
</member>
<member name="F:Microsoft.CodeAnalysis.VisualBasic.CodeFixes.Spellcheck.SpellcheckCodeFixProvider.BC32045">
 <summary>
 'A' has no type parameters and so cannot have type arguments.
 </summary>
</member>
<member name="T:Microsoft.CodeAnalysis.VisualBasic.Completion.KeywordRecommenders.ArrayStatements.EraseKeywordRecommender">
 <summary>
 Recommends the "Erase" statement.
 </summary>
</member>
<member name="T:Microsoft.CodeAnalysis.VisualBasic.Completion.KeywordRecommenders.ArrayStatements.PreserveKeywordRecommender">
 <summary>
 Recommends the "Preserve" modifier after the ReDim statement.
 </summary>
</member>
<member name="T:Microsoft.CodeAnalysis.VisualBasic.Completion.KeywordRecommenders.ArrayStatements.ReDimKeywordRecommender">
 <summary>
 Recommends the "ReDim" statement.
 </summary>
</member>
<member name="T:Microsoft.CodeAnalysis.VisualBasic.Completion.KeywordRecommenders.Declarations.AliasKeywordRecommender">
 <summary>
 Recommends the "Alias" keyword in external method declarations.
 </summary>
</member>
<member name="T:Microsoft.CodeAnalysis.VisualBasic.Completion.KeywordRecommenders.Declarations.AsKeywordRecommender">
 <summary>
 Recommends the "As" keyword in all types of declarations.
 </summary>
</member>
<member name="T:Microsoft.CodeAnalysis.VisualBasic.Completion.KeywordRecommenders.Declarations.AttributeScopesKeywordRecommender">
 <summary>
 Recommends the "Assembly" and "Module" keyword for top-level attributes that may exist in a file.
 </summary>
</member>
<member name="T:Microsoft.CodeAnalysis.VisualBasic.Completion.KeywordRecommenders.Declarations.CharsetModifierKeywordRecommender">
 <summary>
 Recommends one of the charset modifiers after a "Declare" keyword
 </summary>
</member>
<member name="T:Microsoft.CodeAnalysis.VisualBasic.Completion.KeywordRecommenders.Declarations.ClassKeywordRecommender">
 <summary>
 Recommends the "Class" keyword in type declaration contexts
 </summary>    
</member>
<member name="T:Microsoft.CodeAnalysis.VisualBasic.Completion.KeywordRecommenders.Declarations.ConstKeywordRecommender">
 <summary>
 Recommends the "Const" keyword for the start of a statement.
 </summary>
</member>
<member name="T:Microsoft.CodeAnalysis.VisualBasic.Completion.KeywordRecommenders.Declarations.CustomEventKeywordRecommender">
 <summary>
 Recommends the "Custom Event" keyword in type declaration contexts
 </summary>
</member>
<member name="T:Microsoft.CodeAnalysis.VisualBasic.Completion.KeywordRecommenders.Declarations.DeclareKeywordRecommender">
 <summary>
 Recommends the "Declare" keyword in member declaration contexts
 </summary>
</member>
<member name="T:Microsoft.CodeAnalysis.VisualBasic.Completion.KeywordRecommenders.Declarations.DelegateKeywordRecommender">
 <summary>
 Recommends the "Delegate" keyword in member declaration contexts
 </summary>
</member>
<member name="T:Microsoft.CodeAnalysis.VisualBasic.Completion.KeywordRecommenders.Declarations.DelegateSubFunctionKeywordRecommender">
 <summary>
 Recommends the "Function" and "Sub" keywords in external method declarations.
 </summary>
</member>
<member name="T:Microsoft.CodeAnalysis.VisualBasic.Completion.KeywordRecommenders.Declarations.DimKeywordRecommender">
 <summary>
 Recommends the "Dim" keyword in all appropriate contexts.
 </summary>
</member>
<member name="T:Microsoft.CodeAnalysis.VisualBasic.Completion.KeywordRecommenders.Declarations.EndBlockKeywordRecommender">
 <summary>
 Recommends "End [block]" or, if after a End keyword, just the Block.
 </summary>
</member>
<member name="T:Microsoft.CodeAnalysis.VisualBasic.Completion.KeywordRecommenders.Declarations.EnumKeywordRecommender">
 <summary>
 Recommends the "Enum" keyword in type declaration contexts
 </summary>
</member>
<member name="T:Microsoft.CodeAnalysis.VisualBasic.Completion.KeywordRecommenders.Declarations.EventKeywordRecommender">
 <summary>
 Recommends the "Event" keyword in type declaration contexts
 </summary>
</member>
<member name="T:Microsoft.CodeAnalysis.VisualBasic.Completion.KeywordRecommenders.Declarations.ExternalSubFunctionKeywordRecommender">
 <summary>
 Recommends the "Function" and "Sub" keywords in external method declarations.
 </summary>
</member>
<member name="T:Microsoft.CodeAnalysis.VisualBasic.Completion.KeywordRecommenders.Declarations.FunctionKeywordRecommender">
 <summary>
 Recommends the "Function" keyword in member declaration contexts
 </summary>
</member>
<member name="T:Microsoft.CodeAnalysis.VisualBasic.Completion.KeywordRecommenders.Declarations.GetSetKeywordRecommender">
 <summary>
 Recommends the "Get" and "Set" keyword in property declarations.
 </summary>
</member>
<member name="T:Microsoft.CodeAnalysis.VisualBasic.Completion.KeywordRecommenders.Declarations.ImplementsKeywordRecommender">
 <summary>
 Recommends the "Implements" keyword
 </summary>
</member>
<member name="T:Microsoft.CodeAnalysis.VisualBasic.Completion.KeywordRecommenders.Declarations.ImportsKeywordRecommender">
 <summary>
 Recommends the "Imports" keyword
 </summary>
</member>
<member name="T:Microsoft.CodeAnalysis.VisualBasic.Completion.KeywordRecommenders.Declarations.InheritsKeywordRecommender">
 <summary>
 Recommends the "Inherits" keyword.
 </summary>
</member>
<member name="T:Microsoft.CodeAnalysis.VisualBasic.Completion.KeywordRecommenders.Declarations.InKeywordRecommender">
 <summary>
 Recommends the "In" keyword in all types of declarations.
 </summary>
</member>
<member name="T:Microsoft.CodeAnalysis.VisualBasic.Completion.KeywordRecommenders.Declarations.InterfaceKeywordRecommender">
 <summary>
 Recommends the "Interface" keyword in type declaration contexts
 </summary>
</member>
<member name="T:Microsoft.CodeAnalysis.VisualBasic.Completion.KeywordRecommenders.Declarations.IteratorKeywordRecommender">
 <summary>
 Recommends the "Iterator" keyword in member declaration contexts
 </summary>
</member>
<member name="T:Microsoft.CodeAnalysis.VisualBasic.Completion.KeywordRecommenders.Declarations.LibKeywordRecommender">
 <summary>
 Recommends the "Lib" keyword in external method declarations.
 </summary>
</member>
<member name="T:Microsoft.CodeAnalysis.VisualBasic.Completion.KeywordRecommenders.Declarations.ModifierKeywordsRecommender">
 <summary>
 Recommends the "Property" keyword in member declaration contexts
 </summary>
</member>
<member name="T:Microsoft.CodeAnalysis.VisualBasic.Completion.KeywordRecommenders.Declarations.ModuleKeywordRecommender">
 <summary>
 Recommends the "Module" keyword in type declaration contexts
 </summary>
</member>
<member name="T:Microsoft.CodeAnalysis.VisualBasic.Completion.KeywordRecommenders.Declarations.NamespaceKeywordRecommender">
 <summary>
 Recommends the "Namespace" keyword in type declaration contexts
 </summary>
</member>
<member name="T:Microsoft.CodeAnalysis.VisualBasic.Completion.KeywordRecommenders.Declarations.OperatorKeywordRecommender">
 <summary>
 Recommends the "Operator" keyword in member declaration contexts
 </summary>
</member>
<member name="T:Microsoft.CodeAnalysis.VisualBasic.Completion.KeywordRecommenders.Declarations.OverloadableOperatorRecommender">
 <summary>
 Recommends the various list of operators you can overload after the "Operator" keyword
 </summary>
</member>
<member name="T:Microsoft.CodeAnalysis.VisualBasic.Completion.KeywordRecommenders.Declarations.ParameterModifiersKeywordRecommender">
 <summary>
 Recommends the ByVal, ByRef, etc keywords.
 </summary>
</member>
<member name="T:Microsoft.CodeAnalysis.VisualBasic.Completion.KeywordRecommenders.Declarations.PropertyKeywordRecommender">
 <summary>
 Recommends the "Property" keyword in member declaration contexts
 </summary>
</member>
<member name="T:Microsoft.CodeAnalysis.VisualBasic.Completion.KeywordRecommenders.Declarations.StaticKeywordRecommender">
 <summary>
 Recommends the "Static" keyword for the start of a statement.
 </summary>
</member>
<member name="T:Microsoft.CodeAnalysis.VisualBasic.Completion.KeywordRecommenders.Declarations.StructureKeywordRecommender">
 <summary>
 Recommends the "Structure" keyword in type declaration contexts
 </summary>
</member>
<member name="T:Microsoft.CodeAnalysis.VisualBasic.Completion.KeywordRecommenders.Declarations.SubKeywordRecommender">
 <summary>
 Recommends the "Sub" keyword in member declaration contexts
 </summary>
</member>
<member name="T:Microsoft.CodeAnalysis.VisualBasic.Completion.KeywordRecommenders.Declarations.ToKeywordRecommender">
 <summary>
 Recommends the "To" keyword in array bounds.
 </summary>
</member>
<member name="T:Microsoft.CodeAnalysis.VisualBasic.Completion.KeywordRecommenders.EventHandling.AddHandlerKeywordRecommender">
 <summary>
 Recommends the "AddHandler" keyword.
 </summary>
</member>
<member name="T:Microsoft.CodeAnalysis.VisualBasic.Completion.KeywordRecommenders.EventHandling.HandlesKeywordRecommender">
 <summary>
 Recommends the "Handles" keyword.
 </summary>
</member>
<member name="T:Microsoft.CodeAnalysis.VisualBasic.Completion.KeywordRecommenders.EventHandling.RaiseEventKeywordRecommender">
 <summary>
 Recommends the "RaiseEvent" keyword.
 </summary>
</member>
<member name="T:Microsoft.CodeAnalysis.VisualBasic.Completion.KeywordRecommenders.EventHandling.RemoveHandlerKeywordRecommender">
 <summary>
 Recommends the "RemoveHandler" keyword.
 </summary>
</member>
<member name="T:Microsoft.CodeAnalysis.VisualBasic.Completion.KeywordRecommenders.Expressions.AddressOfKeywordRecommender">
 <summary>
 Recommends the "AddressOf" keyword.
 </summary>
</member>
<member name="T:Microsoft.CodeAnalysis.VisualBasic.Completion.KeywordRecommenders.Expressions.BinaryOperatorKeywordRecommender">
 <summary>
 Recommends binary infix operators that are English text, like "AndAlso", "OrElse", "Like", etc.
 </summary>
</member>
<member name="T:Microsoft.CodeAnalysis.VisualBasic.Completion.KeywordRecommenders.Expressions.FromKeywordRecommender">
 <summary>
 Recommends the "From" keyword when used in a New syntax (such as New foo From)
 </summary>
</member>
<member name="T:Microsoft.CodeAnalysis.VisualBasic.Completion.KeywordRecommenders.Expressions.GetTypeKeywordRecommender">
 <summary>
 Recommends the "GetType" keyword.
 </summary>
</member>
<member name="T:Microsoft.CodeAnalysis.VisualBasic.Completion.KeywordRecommenders.Expressions.GetXmlNamespaceKeywordRecommender">
 <summary>
 Recommends the "GetXmlNamespace" keyword.
 </summary>
</member>
<member name="T:Microsoft.CodeAnalysis.VisualBasic.Completion.KeywordRecommenders.Expressions.GlobalKeywordRecommender">
 <summary>
 Recommends the "Global" keyword.
 </summary>
</member>
<member name="T:Microsoft.CodeAnalysis.VisualBasic.Completion.KeywordRecommenders.Expressions.IfKeywordRecommender">
 <summary>
 Recommends the "If" keyword when used for the null coalescing or ternary operator
 </summary>
</member>
<member name="T:Microsoft.CodeAnalysis.VisualBasic.Completion.KeywordRecommenders.Expressions.KeyKeywordRecommender">
 <summary>
 Recommends the "Key" keyword.
 </summary>
</member>
<member name="T:Microsoft.CodeAnalysis.VisualBasic.Completion.KeywordRecommenders.Expressions.LambdaKeywordRecommender">
 <summary>
 Recommends the "Sub", "Function", "Async" and "Iterator" keywords in expression contexts that would start a lambda.
 </summary>
</member>
<member name="T:Microsoft.CodeAnalysis.VisualBasic.Completion.KeywordRecommenders.Expressions.MeKeywordRecommender">
 <summary>
 Recommends the "Me" keyword.
 </summary>
</member>
<member name="T:Microsoft.CodeAnalysis.VisualBasic.Completion.KeywordRecommenders.Expressions.MyBaseKeywordRecommender">
 <summary>
 Recommends the "MyBase" keyword.
 </summary>
</member>
<member name="T:Microsoft.CodeAnalysis.VisualBasic.Completion.KeywordRecommenders.Expressions.MyClassKeywordRecommender">
 <summary>
 Recommends the "MyClass" keyword.
 </summary>
</member>
<member name="T:Microsoft.CodeAnalysis.VisualBasic.Completion.KeywordRecommenders.Expressions.NewKeywordRecommender">
 <summary>
 Recommends the "New" keyword.
 </summary>
</member>
<member name="T:Microsoft.CodeAnalysis.VisualBasic.Completion.KeywordRecommenders.Expressions.NothingKeywordRecommender">
 <summary>
 Recommends the "Nothing" keyword.
 </summary>
</member>
<member name="T:Microsoft.CodeAnalysis.VisualBasic.Completion.KeywordRecommenders.Expressions.NotKeywordRecommender">
 <summary>
 Recommends the "Not" keyword.
 </summary>
</member>
<member name="T:Microsoft.CodeAnalysis.VisualBasic.Completion.KeywordRecommenders.Expressions.TrueFalseKeywordRecommender">
 <summary>
 Recommends the "True" and "False" keywords
 </summary>
</member>
<member name="T:Microsoft.CodeAnalysis.VisualBasic.Completion.KeywordRecommenders.Expressions.TypeOfKeywordRecommender">
 <summary>
 Recommends the "TypeOf" keyword.
 </summary>
</member>
<member name="T:Microsoft.CodeAnalysis.VisualBasic.Completion.KeywordRecommenders.Expressions.WithKeywordRecommender">
 <summary>
 Recommends the "With" keyword when used in a New syntax (such as New foo With)
 </summary>
</member>
<member name="T:Microsoft.CodeAnalysis.VisualBasic.Completion.KeywordRecommenders.OnErrorStatements.ErrorKeywordRecommender">
 <summary>
 Recommends "Error" after "On" in a "On Error" statement.
 </summary>
</member>
<member name="T:Microsoft.CodeAnalysis.VisualBasic.Completion.KeywordRecommenders.OnErrorStatements.GoToDestinationsRecommender">
 <summary>
 Recommends 0 and -1 as the "destinations" of where to go to after On Error Goto
 </summary>
</member>
<member name="T:Microsoft.CodeAnalysis.VisualBasic.Completion.KeywordRecommenders.OnErrorStatements.GoToKeywordRecommender">
 <summary>
 Recommends "GoTo" after "On Error"
 </summary>
</member>
<member name="T:Microsoft.CodeAnalysis.VisualBasic.Completion.KeywordRecommenders.OnErrorStatements.NextKeywordRecommender">
 <summary>
 Recommends "Next" after "On Error Resume" or after the "Resume" statement
 </summary>
</member>
<member name="T:Microsoft.CodeAnalysis.VisualBasic.Completion.KeywordRecommenders.OnErrorStatements.OnErrorKeywordRecommender">
 <summary>
 Recommends "On Error Resume Next" and "On Error Goto" in a statement context.
 </summary>
</member>
<member name="T:Microsoft.CodeAnalysis.VisualBasic.Completion.KeywordRecommenders.OnErrorStatements.ResumeKeywordRecommender">
 <summary>
 Recommends "Resume Next" after "On Error", or "Resume" as a standalone statement
 </summary>
</member>
<member name="T:Microsoft.CodeAnalysis.VisualBasic.Completion.KeywordRecommenders.OptionStatements.CompareBinaryTextRecommender">
 <summary>
 Recommends the "Binary" and "Text" options that come after "Option Compare"
 </summary>
</member>
<member name="T:Microsoft.CodeAnalysis.VisualBasic.Completion.KeywordRecommenders.OptionStatements.ExplicitOptionsRecommender">
 <summary>
 Recommends the "On" and "Off" options that appear after Option Explicit.
 </summary>
</member>
<member name="T:Microsoft.CodeAnalysis.VisualBasic.Completion.KeywordRecommenders.OptionStatements.InferOptionsRecommender">
 <summary>
 Recommends the "On" and "Off" options that come after "Option Infer"
 </summary>
</member>
<member name="T:Microsoft.CodeAnalysis.VisualBasic.Completion.KeywordRecommenders.OptionStatements.OptionKeywordRecommender">
 <summary>
 Recommends the "Option" keyword
 </summary>
</member>
<member name="T:Microsoft.CodeAnalysis.VisualBasic.Completion.KeywordRecommenders.OptionStatements.OptionNamesRecommender">
 <summary>
 Recommends the names of options that can appear after an Option keyword, such as Compare or Infer.
 </summary>
</member>
<member name="T:Microsoft.CodeAnalysis.VisualBasic.Completion.KeywordRecommenders.OptionStatements.StrictOptionsRecommender">
 <summary>
 Recommends the "On" and "Off" options that come after "Option Infer"
 </summary>
</member>
<member name="T:Microsoft.CodeAnalysis.VisualBasic.Completion.KeywordRecommenders.PreprocessorDirectives.ConstDirectiveKeywordRecommender">
 <summary>
 Recommends the "#Const" preprocessor directive
 </summary>
</member>
<member name="T:Microsoft.CodeAnalysis.VisualBasic.Completion.KeywordRecommenders.PreprocessorDirectives.ElseDirectiveKeywordRecommender">
 <summary>
 Recommends the "#Else" preprocessor directive
 </summary>
</member>
<member name="T:Microsoft.CodeAnalysis.VisualBasic.Completion.KeywordRecommenders.PreprocessorDirectives.ElseIfDirectiveKeywordRecommender">
 <summary>
 Recommends the "#ElseIf" preprocessor directive
 </summary>
</member>
<member name="T:Microsoft.CodeAnalysis.VisualBasic.Completion.KeywordRecommenders.PreprocessorDirectives.EndIfDirectiveKeywordRecommender">
 <summary>
 Recommends the "#End If" preprocessor directive
 </summary>
</member>
<member name="T:Microsoft.CodeAnalysis.VisualBasic.Completion.KeywordRecommenders.PreprocessorDirectives.EndRegionDirectiveKeywordRecommender">
 <summary>
 Recommends the "#End Region" directive
 </summary>
</member>
<member name="T:Microsoft.CodeAnalysis.VisualBasic.Completion.KeywordRecommenders.PreprocessorDirectives.IfDirectiveKeywordRecommender">
 <summary>
 Recommends the "#If" preprocessor directive
 </summary>
</member>
<member name="T:Microsoft.CodeAnalysis.VisualBasic.Completion.KeywordRecommenders.PreprocessorDirectives.RegionDirectiveKeywordRecommender">
 <summary>
 Recommends the "#Region" directive
 </summary>
</member>
<member name="T:Microsoft.CodeAnalysis.VisualBasic.Completion.KeywordRecommenders.Queries.AggregateKeywordRecommender">
 <summary>
 Recommends the Aggregate operator.
 </summary>
</member>
<member name="T:Microsoft.CodeAnalysis.VisualBasic.Completion.KeywordRecommenders.Queries.AscendingDescendingKeywordRecommender">
 <summary>
 Recommends the "Ascending" and "Descending" contextual keywords in a Order By clause.
 </summary>
</member>
<member name="T:Microsoft.CodeAnalysis.VisualBasic.Completion.KeywordRecommenders.Queries.DistinctKeywordRecommender">
 <summary>
 Recommends the "Distinct" query operator.
 </summary>
</member>
<member name="T:Microsoft.CodeAnalysis.VisualBasic.Completion.KeywordRecommenders.Queries.EqualsKeywordRecommender">
 <summary>
 Recommends the Equals keyword when in a join syntax.
 </summary>
</member>
<member name="T:Microsoft.CodeAnalysis.VisualBasic.Completion.KeywordRecommenders.Queries.FromKeywordRecommender">
 <summary>
 Recommends the From keyword to introduce a LINQ query or do a cross-join.
 </summary>
</member>
<member name="T:Microsoft.CodeAnalysis.VisualBasic.Completion.KeywordRecommenders.Queries.GroupByKeywordRecommender">
 <summary>
 Recommends the "By" keyword for the "Group By" query clause.
 </summary>
</member>
<member name="T:Microsoft.CodeAnalysis.VisualBasic.Completion.KeywordRecommenders.Queries.GroupJoinKeywordRecommender">
 <summary>
 Recommends the ""Group Join" query clause when it appears inside a normal Join clause.
 </summary>
</member>
<member name="T:Microsoft.CodeAnalysis.VisualBasic.Completion.KeywordRecommenders.Queries.GroupKeywordRecommender">
 <summary>
 Recommends the "Group" query operator.
 </summary>
</member>
<member name="T:Microsoft.CodeAnalysis.VisualBasic.Completion.KeywordRecommenders.Queries.IntoKeywordRecommender">
 <summary>
 Recommends the "Into" keyword.
 </summary>
</member>
<member name="T:Microsoft.CodeAnalysis.VisualBasic.Completion.KeywordRecommenders.Queries.JoinKeywordRecommender">
 <summary>
 Recommends the "Join" keyword.
 </summary>
</member>
<member name="T:Microsoft.CodeAnalysis.VisualBasic.Completion.KeywordRecommenders.Queries.LetKeywordRecommender">
 <summary>
 Recommends the Let operator.
 </summary>
</member>
<member name="T:Microsoft.CodeAnalysis.VisualBasic.Completion.KeywordRecommenders.Queries.OnKeywordRecommender">
 <summary>
 Recommends the "On" keyword.
 </summary>
</member>
<member name="T:Microsoft.CodeAnalysis.VisualBasic.Completion.KeywordRecommenders.Queries.OrderByKeywordRecommender">
 <summary>
 Recommends the "Order By" query clause.
 </summary>
</member>
<member name="T:Microsoft.CodeAnalysis.VisualBasic.Completion.KeywordRecommenders.Queries.SelectKeywordRecommender">
 <summary>
 Recommends the "Select" query operator.
 </summary>
</member>
<member name="T:Microsoft.CodeAnalysis.VisualBasic.Completion.KeywordRecommenders.Queries.SkipKeywordRecommender">
 <summary>
 Recommends the Skip operator for Skip/Skip While.
 </summary>
</member>
<member name="T:Microsoft.CodeAnalysis.VisualBasic.Completion.KeywordRecommenders.Queries.TakeKeywordRecommender">
 <summary>
 Recommends the Take operator for Take/Take While.
 </summary>
</member>
<member name="T:Microsoft.CodeAnalysis.VisualBasic.Completion.KeywordRecommenders.Queries.WhereKeywordRecommender">
 <summary>
 Recommends the "Where" query clause.
 </summary>
</member>
<member name="T:Microsoft.CodeAnalysis.VisualBasic.Completion.KeywordRecommenders.Queries.WhileKeywordRecommender">
 <summary>
 Recommends the While keyword after a Skip/Take query
 </summary>
</member>
<member name="M:Microsoft.CodeAnalysis.VisualBasic.Completion.KeywordRecommenders.RecommendationHelpers.GetParentOrNull(Microsoft.CodeAnalysis.SyntaxNode)">
 <summary>
 Returns the parent of the node given. node may be null, which will cause this function to return null.
 </summary>
</member>
<member name="T:Microsoft.CodeAnalysis.VisualBasic.Completion.KeywordRecommenders.Statements.CallKeywordRecommender">
 <summary>
 Recommends the "Call" statement.
 </summary>
</member>
<member name="T:Microsoft.CodeAnalysis.VisualBasic.Completion.KeywordRecommenders.Statements.CaseKeywordRecommender">
 <summary>
 Recommends the "Case" and possibly "Case Else" keyword inside a Select block
 </summary>
</member>
<member name="T:Microsoft.CodeAnalysis.VisualBasic.Completion.KeywordRecommenders.Statements.CatchKeywordRecommender">
 <summary>
 Recommends the "Catch" keyword for the statement context
 </summary>
</member>
<member name="T:Microsoft.CodeAnalysis.VisualBasic.Completion.KeywordRecommenders.Statements.ContinueKeywordRecommender">
 <summary>
 Recommends the "Continue" keyword at the start of a statement when in any loop.
 </summary>
</member>
<member name="T:Microsoft.CodeAnalysis.VisualBasic.Completion.KeywordRecommenders.Statements.DoKeywordRecommender">
 <summary>
 Recommends the "Do" keyword at the start of a statement
 </summary>
</member>
<member name="T:Microsoft.CodeAnalysis.VisualBasic.Completion.KeywordRecommenders.Statements.EachKeywordRecommender">
 <summary>
 Recommends the "Each" keyword after the "For" keyword
 </summary>
</member>
<member name="T:Microsoft.CodeAnalysis.VisualBasic.Completion.KeywordRecommenders.Statements.ElseIfKeywordRecommender">
 <summary>
 Recommends the "ElseIf" keyword for the statement context
 </summary>
</member>
<member name="T:Microsoft.CodeAnalysis.VisualBasic.Completion.KeywordRecommenders.Statements.ElseKeywordRecommender">
 <summary>
 Recommends the "Else" keyword for the statement context.
 </summary>
</member>
<member name="T:Microsoft.CodeAnalysis.VisualBasic.Completion.KeywordRecommenders.Statements.EndKeywordRecommender">
 <summary>
 Recommends the "End" statement
 </summary>
</member>
<member name="T:Microsoft.CodeAnalysis.VisualBasic.Completion.KeywordRecommenders.Statements.ExitKeywordRecommender">
 <summary>
 Recommends the "Exit" keyword at the start of a statement
 </summary>
</member>
<member name="T:Microsoft.CodeAnalysis.VisualBasic.Completion.KeywordRecommenders.Statements.FinallyKeywordRecommender">
 <summary>
 Recommends the "Finally" keyword for the statement context
 </summary>
</member>
<member name="T:Microsoft.CodeAnalysis.VisualBasic.Completion.KeywordRecommenders.Statements.ForKeywordRecommender">
 <summary>
 Recommends the "For" keyword for the statement context
 </summary>
</member>
<member name="T:Microsoft.CodeAnalysis.VisualBasic.Completion.KeywordRecommenders.Statements.GotoKeywordRecommender">
 <summary>
 Recommends the "Goto" keyword
 </summary>
</member>
<member name="T:Microsoft.CodeAnalysis.VisualBasic.Completion.KeywordRecommenders.Statements.IfKeywordRecommender">
 <summary>
 Recommends the "If" keyword for the statement context
 </summary>
</member>
<member name="T:Microsoft.CodeAnalysis.VisualBasic.Completion.KeywordRecommenders.Statements.IsKeywordRecommender">
 <summary>
 Recommends the "Is" keyword at the beginning of any clause in a "Case" statement
 </summary>
</member>
<member name="T:Microsoft.CodeAnalysis.VisualBasic.Completion.KeywordRecommenders.Statements.LoopKeywordRecommender">
 <summary>
 Recommends the "Loop" statement.
 </summary>
</member>
<member name="T:Microsoft.CodeAnalysis.VisualBasic.Completion.KeywordRecommenders.Statements.MidKeywordRecommender">
 <summary>
 Recommends the "Mid" keyword for the Mid statement.
 </summary>
</member>
<member name="T:Microsoft.CodeAnalysis.VisualBasic.Completion.KeywordRecommenders.Statements.NextKeywordRecommender">
 <summary>
 Recommends the "Next" statement.
 </summary>
</member>
<member name="T:Microsoft.CodeAnalysis.VisualBasic.Completion.KeywordRecommenders.Statements.ReturnKeywordRecommender">
 <summary>
 Recommends the "Return" keyword at the start of a statement
 </summary>
</member>
<member name="T:Microsoft.CodeAnalysis.VisualBasic.Completion.KeywordRecommenders.Statements.SelectKeywordRecommender">
 <summary>
 Recommends the "Select" keyword at the start of a statement
 </summary>
</member>
<member name="T:Microsoft.CodeAnalysis.VisualBasic.Completion.KeywordRecommenders.Statements.StepKeywordRecommender">
 <summary>
 Recommends the "Step" keyword in a For statement.
 </summary>
</member>
<member name="T:Microsoft.CodeAnalysis.VisualBasic.Completion.KeywordRecommenders.Statements.StopKeywordRecommender">
 <summary>
 Recommends the "Stop" statement.
 </summary>
</member>
<member name="T:Microsoft.CodeAnalysis.VisualBasic.Completion.KeywordRecommenders.Statements.SyncLockKeywordRecommender">
 <summary>
 Recommends the "SyncLock" keyword for the statement context
 </summary>
</member>
<member name="T:Microsoft.CodeAnalysis.VisualBasic.Completion.KeywordRecommenders.Statements.ThenKeywordRecommender">
 <summary>
 Recommends the "Then" keyword in an If statement.
 </summary>
</member>
<member name="T:Microsoft.CodeAnalysis.VisualBasic.Completion.KeywordRecommenders.Statements.ThrowKeywordRecommender">
 <summary>
 Recommends the "Throw" keyword for the statement context
 </summary>
</member>
<member name="T:Microsoft.CodeAnalysis.VisualBasic.Completion.KeywordRecommenders.Statements.ToKeywordRecommender">
 <summary>
 Recommends the "To" keyword in an For.
 </summary>
</member>
<member name="T:Microsoft.CodeAnalysis.VisualBasic.Completion.KeywordRecommenders.Statements.TryKeywordRecommender">
 <summary>
 Recommends the "Try" keyword for the statement context
 </summary>
</member>
<member name="T:Microsoft.CodeAnalysis.VisualBasic.Completion.KeywordRecommenders.Statements.UsingKeywordRecommender">
 <summary>
 Recommends the "Using" keyword at the beginning of a statement.
 </summary>
</member>
<member name="T:Microsoft.CodeAnalysis.VisualBasic.Completion.KeywordRecommenders.Statements.WhenKeywordRecommender">
 <summary>
 Recommends the "When" keyword for a Catch filter
 </summary>
</member>
<member name="T:Microsoft.CodeAnalysis.VisualBasic.Completion.KeywordRecommenders.Statements.WhileLoopKeywordRecommender">
 <summary>
 Recommends the "While" keyword at the start of a statement. "While" as a part of a Do statement is handled in
 the UntilAndWhileKeywordRecommender.
 </summary>
</member>
<member name="T:Microsoft.CodeAnalysis.VisualBasic.Completion.KeywordRecommenders.Statements.WithKeywordRecommender">
 <summary>
 Recommends the "With" statement.
 </summary>
</member>
<member name="T:Microsoft.CodeAnalysis.VisualBasic.Completion.KeywordRecommenders.Statements.YieldKeywordRecommender">
 <summary>
 Recommends the "Yield" keyword at the beginning of a statement.
 </summary>
</member>
<member name="T:Microsoft.CodeAnalysis.VisualBasic.Completion.KeywordRecommenders.Types.BuiltInTypesKeywordRecommender">
 <summary>
 Recommends built-in types in various contexts.
 </summary>
</member>
<member name="T:Microsoft.CodeAnalysis.VisualBasic.EditAndContinue.StatementSyntaxComparer.MultiBody">
 <summary>
 Compares a body of nodes that have multiple bodies.
 The comparer points to the body to compare.
 </summary>
</member>
<member name="T:Microsoft.CodeAnalysis.VisualBasic.EditAndContinue.StatementSyntaxComparer.SingleBody">
 <summary>
 Compares nodes that have a single body.
 </summary>
</member>
<member name="M:Microsoft.CodeAnalysis.VisualBasic.EditAndContinue.SyntaxComparer.TryComputeWeightedDistance(Microsoft.CodeAnalysis.SyntaxNode,Microsoft.CodeAnalysis.SyntaxNode,System.Double@)">
 <summary>
 Calculates distance of two nodes based on their significant parts.
 Returns false if the nodes don't have any significant parts and should be compared as a whole.
 </summary>
</member>
<member name="M:Microsoft.CodeAnalysis.VisualBasic.EditAndContinue.SyntaxComparer.GetDescendantTokensIgnoringSeparators``1(Microsoft.CodeAnalysis.SyntaxList{``0})">
 <summary>
 Enumerates tokens of all nodes in the list.
 </summary>
</member>
<member name="M:Microsoft.CodeAnalysis.VisualBasic.EditAndContinue.SyntaxComparer.GetDescendantTokensIgnoringSeparators``1(Microsoft.CodeAnalysis.SeparatedSyntaxList{``0})">
 <summary>
 Enumerates tokens of all nodes in the list. Doesn't include separators.
 </summary>
</member>
<member name="M:Microsoft.CodeAnalysis.VisualBasic.EditAndContinue.SyntaxComparer.ComputeDistance(Microsoft.CodeAnalysis.SyntaxNode,Microsoft.CodeAnalysis.SyntaxNode)">
 <summary>
 Calculates the distance between two syntax nodes, disregarding trivia. 
 </summary>
 <remarks>
 Distance is a number within [0, 1], the smaller the more similar the nodes are. 
 </remarks>
</member>
<member name="M:Microsoft.CodeAnalysis.VisualBasic.EditAndContinue.SyntaxComparer.ComputeDistance(Microsoft.CodeAnalysis.SyntaxToken,Microsoft.CodeAnalysis.SyntaxToken)">
 <summary>
 Calculates the distance between two syntax tokens, disregarding trivia. 
 </summary>
 <remarks>
 Distance is a number within [0, 1], the smaller the more similar the tokens are. 
 </remarks>
</member>
<member name="M:Microsoft.CodeAnalysis.VisualBasic.EditAndContinue.SyntaxComparer.ComputeDistance(System.Collections.Generic.IEnumerable{Microsoft.CodeAnalysis.SyntaxToken},System.Collections.Generic.IEnumerable{Microsoft.CodeAnalysis.SyntaxToken})">
 <summary>
 Calculates the distance between two sequences of syntax tokens, disregarding trivia. 
 </summary>
 <remarks>
 Distance is a number within [0, 1], the smaller the more similar the sequences are. 
 </remarks>
 <exception cref="T:System.ArgumentNullException"><paramref name="left"/>  or <paramref name="right"/>  is a null reference.</exception>
</member>
<member name="M:Microsoft.CodeAnalysis.VisualBasic.EditAndContinue.TopSyntaxComparer.TiedToAncestor(Microsoft.CodeAnalysis.VisualBasic.EditAndContinue.TopSyntaxComparer.Label)">
 <summary>
 Return true if it is desirable to report two edits (delete and insert) rather than a move edit
 when the node changes its parent.
 </summary>
</member>
<member name="M:Microsoft.CodeAnalysis.VisualBasic.EditAndContinue.VisualBasicEditAndContinueAnalyzer.FindMemberDeclaration(Microsoft.CodeAnalysis.SyntaxNode,Microsoft.CodeAnalysis.SyntaxNode)">
 <returns>
 <see cref="T:Microsoft.CodeAnalysis.VisualBasic.Syntax.MethodBlockBaseSyntax"/> for methods, constructors, operators and accessors.
 <see cref="T:Microsoft.CodeAnalysis.VisualBasic.Syntax.PropertyStatementSyntax"/> for auto-properties.
 <see cref="T:Microsoft.CodeAnalysis.VisualBasic.Syntax.VariableDeclaratorSyntax"/> for fields with simple initialization "Dim a = 1", or "Dim a As New C"
 <see cref="T:Microsoft.CodeAnalysis.VisualBasic.Syntax.ModifiedIdentifierSyntax"/> for fields with shared AsNew initialization "Dim a, b As New C" or array initializer "Dim a(n), b(n)".
 A null reference otherwise.
 </returns>
</member>
<member name="M:Microsoft.CodeAnalysis.VisualBasic.EditAndContinue.VisualBasicEditAndContinueAnalyzer.TryGetDeclarationBody(Microsoft.CodeAnalysis.SyntaxNode,System.Boolean)">
 <returns>
 Given a node representing a declaration (<paramref name="isMember"/> = true) or a top-level edit node (<paramref name="isMember"/> = false) returns:
 - <see cref="T:Microsoft.CodeAnalysis.VisualBasic.Syntax.MethodBlockBaseSyntax"/> for methods, constructors, operators and accessors.
 - <see cref="T:Microsoft.CodeAnalysis.VisualBasic.Syntax.ExpressionSyntax"/> for auto-properties and fields with initializer or AsNew clause.
 - <see cref="T:Microsoft.CodeAnalysis.VisualBasic.Syntax.ArgumentListSyntax"/> for fields with array initializer, e.g. "Dim a(1) As Integer".
 A null reference otherwise.
 </returns>
</member>
<member name="M:Microsoft.CodeAnalysis.VisualBasic.EditAndContinue.VisualBasicEditAndContinueAnalyzer.TryGetActiveTokens(Microsoft.CodeAnalysis.SyntaxNode)">
 <returns>
 Methods, operators, constructors, property and event accessors:
 - We need to return the entire block declaration since the Begin and End statements are covered by breakpoint spans.
 Field declarations in form of "Dim a, b, c As New C()" 
 - Breakpoint spans cover "a", "b" and "c" and also "New C()" since the expression may contain lambdas.
   For simplicity we don't allow moving the new expression independently of the field name. 
 Field declarations with array initializers "Dim a(n), b(n) As Integer" 
 - Breakpoint spans cover "a(n)" and "b(n)".
 </returns>
</member>
<member name="M:Microsoft.CodeAnalysis.VisualBasic.EditAndContinue.VisualBasicEditAndContinueAnalyzer.GetExceptionHandlingRegion(Microsoft.CodeAnalysis.SyntaxNode,System.Boolean@)">
 <summary>
 An active statement (leaf or not) inside a "Catch" makes the Catch part readonly.
 An active statement (leaf or not) inside a "Finally" makes the whole Try/Catch/Finally part read-only.
 An active statement (non leaf)    inside a "Try" makes the Catch/Finally part read-only.
 </summary>
</member>
<member name="T:Microsoft.CodeAnalysis.VisualBasic.VBFeaturesResources.VBFeaturesResources">
<summary>
  A strongly-typed resource class, for looking up localized strings, etc.
</summary>
</member>
<member name="P:Microsoft.CodeAnalysis.VisualBasic.VBFeaturesResources.VBFeaturesResources.ResourceManager">
<summary>
  Returns the cached ResourceManager instance used by this class.
</summary>
</member>
<member name="P:Microsoft.CodeAnalysis.VisualBasic.VBFeaturesResources.VBFeaturesResources.Culture">
<summary>
  Overrides the current thread's CurrentUICulture property for all
  resource lookups using this strongly typed resource class.
</summary>
</member>
<member name="P:Microsoft.CodeAnalysis.VisualBasic.VBFeaturesResources.VBFeaturesResources.AddhandlerStatement">
<summary>
  Looks up a localized string similar to AddHandler statement.
</summary>
</member>
<member name="P:Microsoft.CodeAnalysis.VisualBasic.VBFeaturesResources.VBFeaturesResources.AllStaticLocalUsagesDefine">
<summary>
  Looks up a localized string similar to all static local usages defined in the selection must be included in the selection.
</summary>
</member>
<member name="P:Microsoft.CodeAnalysis.VisualBasic.VBFeaturesResources.VBFeaturesResources.ArgumentUsedForByrefParame">
<summary>
  Looks up a localized string similar to Argument used for ByRef parameter can&apos;t be extracted out.
</summary>
</member>
<member name="P:Microsoft.CodeAnalysis.VisualBasic.VBFeaturesResources.VBFeaturesResources.Await">
<summary>
  Looks up a localized string similar to Await.
</summary>
</member>
<member name="P:Microsoft.CodeAnalysis.VisualBasic.VBFeaturesResources.VBFeaturesResources.Awaitable">
<summary>
  Looks up a localized string similar to Awaitable.
</summary>
</member>
<member name="P:Microsoft.CodeAnalysis.VisualBasic.VBFeaturesResources.VBFeaturesResources.AwaitableExtension">
<summary>
  Looks up a localized string similar to Awaitable, Extension.
</summary>
</member>
<member name="P:Microsoft.CodeAnalysis.VisualBasic.VBFeaturesResources.VBFeaturesResources.CantDetermineValidRangeOf">
<summary>
  Looks up a localized string similar to can&apos;t determine valid range of statements to extract out.
</summary>
</member>
<member name="P:Microsoft.CodeAnalysis.VisualBasic.VBFeaturesResources.VBFeaturesResources.CastIsRedundant">
<summary>
  Looks up a localized string similar to Cast is redundant.
</summary>
</member>
<member name="P:Microsoft.CodeAnalysis.VisualBasic.VBFeaturesResources.VBFeaturesResources.ChangeTo">
<summary>
  Looks up a localized string similar to Change &apos;{0}&apos; to &apos;{1}&apos;..
</summary>
</member>
<member name="P:Microsoft.CodeAnalysis.VisualBasic.VBFeaturesResources.VBFeaturesResources.ConflictsDetected">
<summary>
  Looks up a localized string similar to Conflict(s) detected..
</summary>
</member>
<member name="P:Microsoft.CodeAnalysis.VisualBasic.VBFeaturesResources.VBFeaturesResources.ContainsInvalidSelection">
<summary>
  Looks up a localized string similar to contains invalid selection.
</summary>
</member>
<member name="P:Microsoft.CodeAnalysis.VisualBasic.VBFeaturesResources.VBFeaturesResources.CtypeFunction">
<summary>
  Looks up a localized string similar to CType function.
</summary>
</member>
<member name="P:Microsoft.CodeAnalysis.VisualBasic.VBFeaturesResources.VBFeaturesResources.DeleteTheStatement">
<summary>
  Looks up a localized string similar to Delete the &apos;{0}&apos; statement..
</summary>
</member>
<member name="P:Microsoft.CodeAnalysis.VisualBasic.VBFeaturesResources.VBFeaturesResources.Deprecated">
<summary>
  Looks up a localized string similar to Deprecated.
</summary>
</member>
<member name="P:Microsoft.CodeAnalysis.VisualBasic.VBFeaturesResources.VBFeaturesResources.DirectcastFunction">
<summary>
  Looks up a localized string similar to DirectCast function.
</summary>
</member>
<member name="P:Microsoft.CodeAnalysis.VisualBasic.VBFeaturesResources.VBFeaturesResources.EmptyString1">
<summary>
  Looks up a localized string similar to .
</summary>
</member>
<member name="P:Microsoft.CodeAnalysis.VisualBasic.VBFeaturesResources.VBFeaturesResources.Extension">
<summary>
  Looks up a localized string similar to Extension.
</summary>
</member>
<member name="P:Microsoft.CodeAnalysis.VisualBasic.VBFeaturesResources.VBFeaturesResources.FixAllOccurrences">
<summary>
  Looks up a localized string similar to Fix all occurrences.
</summary>
</member>
<member name="P:Microsoft.CodeAnalysis.VisualBasic.VBFeaturesResources.VBFeaturesResources.FixIncorrectFunctionReturnType">
<summary>
  Looks up a localized string similar to Fix Incorrect Function Return Type.
</summary>
</member>
<member name="P:Microsoft.CodeAnalysis.VisualBasic.VBFeaturesResources.VBFeaturesResources.Function1">
<summary>
  Looks up a localized string similar to {0} function.
</summary>
</member>
<member name="P:Microsoft.CodeAnalysis.VisualBasic.VBFeaturesResources.VBFeaturesResources.GeneratedeventnameTargets">
<summary>
  Looks up a localized string similar to , generatedEvent.Name, targetSymbol.Name.
</summary>
</member>
<member name="P:Microsoft.CodeAnalysis.VisualBasic.VBFeaturesResources.VBFeaturesResources.GettypeFunction">
<summary>
  Looks up a localized string similar to GetType function.
</summary>
</member>
<member name="P:Microsoft.CodeAnalysis.VisualBasic.VBFeaturesResources.VBFeaturesResources.GetxmlnamespaceFunction">
<summary>
  Looks up a localized string similar to GetXmlNamespace function.
</summary>
</member>
<member name="P:Microsoft.CodeAnalysis.VisualBasic.VBFeaturesResources.VBFeaturesResources.ImplementAbstractClass">
<summary>
  Looks up a localized string similar to Implement Abstract Class.
</summary>
</member>
<member name="P:Microsoft.CodeAnalysis.VisualBasic.VBFeaturesResources.VBFeaturesResources.ImplicitMemberAccessCantB">
<summary>
  Looks up a localized string similar to Implicit member access can&apos;t be included in the selection without containing statement.
</summary>
</member>
<member name="P:Microsoft.CodeAnalysis.VisualBasic.VBFeaturesResources.VBFeaturesResources.Import">
<summary>
  Looks up a localized string similar to Import &apos;{0}&apos;..
</summary>
</member>
<member name="P:Microsoft.CodeAnalysis.VisualBasic.VBFeaturesResources.VBFeaturesResources.InlineTemporaryVariable">
<summary>
  Looks up a localized string similar to Inline temporary variable.
</summary>
</member>
<member name="P:Microsoft.CodeAnalysis.VisualBasic.VBFeaturesResources.VBFeaturesResources.Insert">
<summary>
  Looks up a localized string similar to Insert &apos;{0}&apos;..
</summary>
</member>
<member name="P:Microsoft.CodeAnalysis.VisualBasic.VBFeaturesResources.VBFeaturesResources.InsertTheMissingEnd">
<summary>
  Looks up a localized string similar to Insert the missing &apos;End .
</summary>
</member>
<member name="P:Microsoft.CodeAnalysis.VisualBasic.VBFeaturesResources.VBFeaturesResources.InsertTheMissingEndProper">
<summary>
  Looks up a localized string similar to Insert the missing &apos;End Property&apos; statement..
</summary>
</member>
<member name="P:Microsoft.CodeAnalysis.VisualBasic.VBFeaturesResources.VBFeaturesResources.InsertTheMissingLoop">
<summary>
  Looks up a localized string similar to Insert the missing &apos;Loop&apos;..
</summary>
</member>
<member name="P:Microsoft.CodeAnalysis.VisualBasic.VBFeaturesResources.VBFeaturesResources.InsertTheMissingNext">
<summary>
  Looks up a localized string similar to Insert the missing &apos;Next&apos;..
</summary>
</member>
<member name="P:Microsoft.CodeAnalysis.VisualBasic.VBFeaturesResources.VBFeaturesResources.InvalidSelection">
<summary>
  Looks up a localized string similar to Invalid selection.
</summary>
</member>
<member name="P:Microsoft.CodeAnalysis.VisualBasic.VBFeaturesResources.VBFeaturesResources.InvertIfStatement">
<summary>
  Looks up a localized string similar to Invert If statement.
</summary>
</member>
<member name="P:Microsoft.CodeAnalysis.VisualBasic.VBFeaturesResources.VBFeaturesResources.Kind">
<summary>
  Looks up a localized string similar to Delete the &apos;{0}&apos; statement..
</summary>
</member>
<member name="P:Microsoft.CodeAnalysis.VisualBasic.VBFeaturesResources.VBFeaturesResources.KindLine">
<summary>
  Looks up a localized string similar to Move the &apos;{0}&apos; statement to line {1}..
</summary>
</member>
<member name="P:Microsoft.CodeAnalysis.VisualBasic.VBFeaturesResources.VBFeaturesResources.MidStatement">
<summary>
  Looks up a localized string similar to Mid statement.
</summary>
</member>
<member name="P:Microsoft.CodeAnalysis.VisualBasic.VBFeaturesResources.VBFeaturesResources.NameCanBeSimplified">
<summary>
  Looks up a localized string similar to Name can be simplified.
</summary>
</member>
<member name="P:Microsoft.CodeAnalysis.VisualBasic.VBFeaturesResources.VBFeaturesResources.NewField">
<summary>
  Looks up a localized string similar to &lt;new field&gt;.
</summary>
</member>
<member name="P:Microsoft.CodeAnalysis.VisualBasic.VBFeaturesResources.VBFeaturesResources.NewResource">
<summary>
  Looks up a localized string similar to &lt;new resource&gt;.
</summary>
</member>
<member name="P:Microsoft.CodeAnalysis.VisualBasic.VBFeaturesResources.VBFeaturesResources.NewVariable">
<summary>
  Looks up a localized string similar to &lt;new variable&gt;.
</summary>
</member>
<member name="P:Microsoft.CodeAnalysis.VisualBasic.VBFeaturesResources.VBFeaturesResources.NextStatementControlVariabl">
<summary>
  Looks up a localized string similar to next statement control variable doesn&apos;t have matching declaration statement.
</summary>
</member>
<member name="P:Microsoft.CodeAnalysis.VisualBasic.VBFeaturesResources.VBFeaturesResources.NoCommonRootNodeForExtrac">
<summary>
  Looks up a localized string similar to No common root node for extraction.
</summary>
</member>
<member name="P:Microsoft.CodeAnalysis.VisualBasic.VBFeaturesResources.VBFeaturesResources.NotAllCodePathReturns">
<summary>
  Looks up a localized string similar to Not all code path returns.
</summary>
</member>
<member name="P:Microsoft.CodeAnalysis.VisualBasic.VBFeaturesResources.VBFeaturesResources.NoteSpaceAndCompletion">
<summary>
  Looks up a localized string similar to Note: Space and &apos;=&apos; completion are disabled to avoid potential interference. To insert a name from the list, use tab..
</summary>
</member>
<member name="P:Microsoft.CodeAnalysis.VisualBasic.VBFeaturesResources.VBFeaturesResources.NoteSpaceCompletionIsDisa">
<summary>
  Looks up a localized string similar to Note: Space completion is disabled to avoid potential interference. To insert a name from the list, use tab..
</summary>
</member>
<member name="P:Microsoft.CodeAnalysis.VisualBasic.VBFeaturesResources.VBFeaturesResources.NoteTabTwiceToInsertThe">
<summary>
  Looks up a localized string similar to Note: Tab twice to insert the &apos;{0}&apos; snippet..
</summary>
</member>
<member name="P:Microsoft.CodeAnalysis.VisualBasic.VBFeaturesResources.VBFeaturesResources.NoteUseTabForAutomaticCo">
<summary>
  Looks up a localized string similar to Note: Use tab for automatic completion; space completion is disabled to avoid interfering with a new name..
</summary>
</member>
<member name="P:Microsoft.CodeAnalysis.VisualBasic.VBFeaturesResources.VBFeaturesResources.NoValidSelectionToPerform">
<summary>
  Looks up a localized string similar to No valid selection to perform extraction.
</summary>
</member>
<member name="P:Microsoft.CodeAnalysis.VisualBasic.VBFeaturesResources.VBFeaturesResources.NoValidStatementRangeToEx">
<summary>
  Looks up a localized string similar to no valid statement range to extract out.
</summary>
</member>
<member name="P:Microsoft.CodeAnalysis.VisualBasic.VBFeaturesResources.VBFeaturesResources.OrganizeImports">
<summary>
  Looks up a localized string similar to Organize Imports.
</summary>
</member>
<member name="P:Microsoft.CodeAnalysis.VisualBasic.VBFeaturesResources.VBFeaturesResources.OrganizeImportsWithAccelerator">
<summary>
  Looks up a localized string similar to &amp;Organize Imports.
</summary>
</member>
<member name="P:Microsoft.CodeAnalysis.VisualBasic.VBFeaturesResources.VBFeaturesResources.ParameterName">
<summary>
  Looks up a localized string similar to &lt;parameter name&gt;.
</summary>
</member>
<member name="P:Microsoft.CodeAnalysis.VisualBasic.VBFeaturesResources.VBFeaturesResources.RemoveAndSortImportsWithAccelerator">
<summary>
  Looks up a localized string similar to Remove &amp;and Sort Imports.
</summary>
</member>
<member name="P:Microsoft.CodeAnalysis.VisualBasic.VBFeaturesResources.VBFeaturesResources.RemovehandlerStatement">
<summary>
  Looks up a localized string similar to RemoveHandler statement.
</summary>
</member>
<member name="P:Microsoft.CodeAnalysis.VisualBasic.VBFeaturesResources.VBFeaturesResources.RemoveUnnecessaryCast">
<summary>
  Looks up a localized string similar to Remove Unnecessary Cast.
</summary>
</member>
<member name="P:Microsoft.CodeAnalysis.VisualBasic.VBFeaturesResources.VBFeaturesResources.RemoveUnnecessaryImports">
<summary>
  Looks up a localized string similar to Remove Unnecessary Imports.
</summary>
</member>
<member name="P:Microsoft.CodeAnalysis.VisualBasic.VBFeaturesResources.VBFeaturesResources.RemoveUnnecessaryImportsWithAccelerator">
<summary>
  Looks up a localized string similar to &amp;Remove Unnecessary Imports.
</summary>
</member>
<member name="P:Microsoft.CodeAnalysis.VisualBasic.VBFeaturesResources.VBFeaturesResources.ResultAlias">
<summary>
  Looks up a localized string similar to &lt;result alias&gt;.
</summary>
</member>
<member name="P:Microsoft.CodeAnalysis.VisualBasic.VBFeaturesResources.VBFeaturesResources.SelectionCantBeCrossedOve">
<summary>
  Looks up a localized string similar to Selection can&apos;t be crossed over preprocessors.
</summary>
</member>
<member name="P:Microsoft.CodeAnalysis.VisualBasic.VBFeaturesResources.VBFeaturesResources.SelectionCantBePartsOfCo">
<summary>
  Looks up a localized string similar to Selection can&apos;t be parts of constant initializer expression.
</summary>
</member>
<member name="P:Microsoft.CodeAnalysis.VisualBasic.VBFeaturesResources.VBFeaturesResources.SelectionCantContainThrow">
<summary>
  Looks up a localized string similar to Selection can&apos;t contain throw without enclosing catch block.
</summary>
</member>
<member name="P:Microsoft.CodeAnalysis.VisualBasic.VBFeaturesResources.VBFeaturesResources.SelectionDoesntContainAny">
<summary>
  Looks up a localized string similar to Selection doesn&apos;t contain any valid node.
</summary>
</member>
<member name="P:Microsoft.CodeAnalysis.VisualBasic.VBFeaturesResources.VBFeaturesResources.SelectionDoesntContainAny0">
<summary>
  Looks up a localized string similar to Selection doesn&apos;t contain any valid token.
</summary>
</member>
<member name="P:Microsoft.CodeAnalysis.VisualBasic.VBFeaturesResources.VBFeaturesResources.SelectionMustBePartOfExec">
<summary>
  Looks up a localized string similar to Selection must be part of executable statements.
</summary>
</member>
<member name="P:Microsoft.CodeAnalysis.VisualBasic.VBFeaturesResources.VBFeaturesResources.SimplifyTypeName">
<summary>
  Looks up a localized string similar to Simplify type name &apos;{0}&apos;.
</summary>
</member>
<member name="P:Microsoft.CodeAnalysis.VisualBasic.VBFeaturesResources.VBFeaturesResources.SortImportsWithAccelerator">
<summary>
  Looks up a localized string similar to &amp;Sort Imports.
</summary>
</member>
<member name="P:Microsoft.CodeAnalysis.VisualBasic.VBFeaturesResources.VBFeaturesResources.TheSelectionContainsSyntact">
<summary>
  Looks up a localized string similar to the selection contains syntactic errors.
</summary>
</member>
<member name="P:Microsoft.CodeAnalysis.VisualBasic.VBFeaturesResources.VBFeaturesResources.TrycastFunction">
<summary>
  Looks up a localized string similar to TryCast function.
</summary>
</member>
<member name="P:Microsoft.CodeAnalysis.VisualBasic.VBFeaturesResources.VBFeaturesResources.TypeANameHereToDeclareA">
<summary>
  Looks up a localized string similar to Type a name here to declare a new field..
</summary>
</member>
<member name="P:Microsoft.CodeAnalysis.VisualBasic.VBFeaturesResources.VBFeaturesResources.TypeANameHereToDeclareA0">
<summary>
  Looks up a localized string similar to Type a name here to declare a parameter. If no preceding keyword is used; &apos;ByVal&apos; will be assumed and the argument will be passed by value..
</summary>
</member>
<member name="P:Microsoft.CodeAnalysis.VisualBasic.VBFeaturesResources.VBFeaturesResources.TypeANewNameForTheColumn">
<summary>
  Looks up a localized string similar to Type a new name for the column, followed by &apos;=&apos;. Otherwise, the original column name with be used..
</summary>
</member>
<member name="P:Microsoft.CodeAnalysis.VisualBasic.VBFeaturesResources.VBFeaturesResources.TypeANewVariableName">
<summary>
  Looks up a localized string similar to Type a new variable name.
</summary>
</member>
<member name="P:Microsoft.CodeAnalysis.VisualBasic.VBFeaturesResources.VBFeaturesResources.Usage">
<summary>
  Looks up a localized string similar to Usage:.
</summary>
</member>
</members>
</doc>
