<?xml version="1.0"?>
<Configuration xmlns:xsi="http://www.w3.org/2001/XMLSchema-instance" xmlns:xsd="http://www.w3.org/2001/XMLSchema">
  <Project>E:\Repro\JSON.NET\Newtonsoft.Json\Src\Newtonsoft.Json\Newtonsoft.Json.csproj</Project>
  <Solution>E:\Repro\JSON.NET\Newtonsoft.Json\Src\Newtonsoft.Json.sln</Solution>
  <Git>D:\Program Files (x86)\Git\cmd\git.exe</Git>
  <GitRoot>E:\Repro\JSON.NET\Newtonsoft.Json</GitRoot>
  <GitBaseBranch>master</GitBaseBranch>
  <Cccheck>C:\cci\Microsoft.Research\Clousot\bin\Internal9\Clousot.exe</Cccheck>
  <CccheckXml>\\msr\public\logozzo\ReviewBot\Domino.Engine.xml</CccheckXml>
  <CccheckOptions> -xml -remote=false -suggest methodensures -suggest propertyensures -suggest objectinvariants -suggest necessaryensures  -suggest readonlyfields -suggest assumes -suggest nonnullreturn -sortWarns=false -warninglevel low </CccheckOptions>
  <MSBuild>C:\Program Files (x86)\MSBuild\12.0\Bin\amd64\MSBuild.exe</MSBuild>
  <RSP>E:\Repro\JSON.NET\Newtonsoft.Json\Src\Newtonsoft.Json\obj\Debug\Decl\Newtonsoft.Jsoncccheck.rsp</RSP>
  <CodeFlowProject>ReviewBotTesting</CodeFlowProject>
</Configuration>